epoch,train_loss,val_loss,val_hr,val_ndcg,val_mrr,val_action_acc
1,9.26254524904139,10.069613059361776,0.10208811176319917,0.052876303593317665,0.0378160560503602,0.46473302570863545
2,8.510521075304817,10.289722442626953,0.09802656744917233,0.05167526906977097,0.03747458755970001,0.46473302570863545
3,8.409589655259076,10.462589422861734,0.1020463015884161,0.05331466905772686,0.038427715034534536,0.46473302570863545
4,8.368729254778694,10.498825709025065,0.09802656744917233,0.0524689539646109,0.03848838650931915,0.46473302570863545
