epoch,train_loss,val_loss,val_hr,val_ndcg,val_mrr,val_action_acc
1,9.455911440007826,10.614580631256104,0.0999229500691096,0.05129173180709282,0.03657345954949657,0.007910349373764008
2,8.766809407402487,10.78810421625773,0.1020463015884161,0.053231700944403805,0.03829449353118738,0.046473302570863545
3,8.678691274979535,10.914360761642456,0.09802656744917233,0.05300731801738342,0.03912008972838521,0.1924851680949242
4,8.61869265051449,10.92714262008667,0.10095625494917233,0.05274314278115829,0.03797878713036577,0.17501647989452868
5,8.467882997849408,10.933592160542807,0.10193281744917233,0.05283571779727936,0.03782294954483708,0.16479894528675015
