epoch,train_loss,val_loss,val_hr,val_ndcg,val_mrr,val_action_acc
1,9.40600620616566,10.250211715698242,0.0026041666666666665,0.00107473463867791,0.0006049262350037073,0.47216564833672775
2,8.99920535810066,10.60114828745524,0.0022786458333333335,0.001073159675191467,0.0007156291515760435,0.47216564833672775
3,8.899213039513791,10.813985586166382,0.0009765625,0.0007490332063753158,0.000687210648417628,0.47216564833672775
4,8.860097567240397,10.836098512013754,0.0016276041666666667,0.000845023508494099,0.0006184896071014615,0.47216564833672775
